Customer1, 9000000001
Customer2, 9000000002
Customer3, 9000000003
Customer4, 9000000004
Customer5, 9000000005
Customer6, 9000000006
Customer7, 9000000007
Customer8, 9000000008
Customer9, 9000000009
Customer10, 90000000010
Customer11, 90000000011
Customer12, 90000000012
Customer13, 90000000013
Customer14, 90000000014
Customer15, 90000000015
Customer16, 90000000016
Customer17, 90000000017
Customer18, 90000000018
Customer19, 90000000019
Customer20, 90000000020
Customer21, 90000000021
Customer22, 90000000022
Customer23, 90000000023
Customer24, 90000000024
Customer25, 90000000025
Customer26, 90000000026
Customer27, 90000000027
Customer28, 90000000028
Customer29, 90000000029
Customer30, 90000000030
Customer31, 90000000031
Customer32, 90000000032
Customer33, 90000000033
Customer34, 90000000034
Customer35, 90000000035
Customer36, 90000000036
Customer37, 90000000037
Customer38, 90000000038
Customer39, 90000000039
Customer40, 90000000040
Customer41, 90000000041
Customer42, 90000000042
Customer43, 90000000043
Customer44, 90000000044
Customer45, 90000000045
Customer46, 90000000046
Customer47, 90000000047
Customer48, 90000000048
Customer49, 90000000049
Customer50, 90000000050
